{"success": true, "score": 71.04632587859426, "scoreJson": {"score": 71.04632587859426, "mean_recall": 71.04632587859426, "r1": 52.096645367412144, "r5": 76.81709265175719, "r10": 84.22523961661342}}