{"success": true, "score": 71.09957401490948, "scoreJson": {"score": 71.09957401490948, "mean_recall": 71.09957401490948, "r1": 51.77715654952076, "r5": 77.1964856230032, "r10": 84.32507987220448}}