{"success": true, "score": 70.33413205537808, "scoreJson": {"score": 70.33413205537808, "mean_recall": 70.33413205537808, "r1": 51.4576677316294, "r5": 75.75878594249201, "r10": 83.78594249201278}}