{"success": true, "score": 62.40681576144836, "scoreJson": {"score": 62.40681576144836, "mean_recall": 62.40681576144836, "r1": 33.84584664536741, "r5": 70.68690095846645, "r10": 82.68769968051119}}